一级分类,商品名称,sales_amount,gross_profit,avg_margin_rate,realized_margin_rate
供应链,【自营】臻汁煌四件套筷子,820.0,61.5,0.075,0.075
供应链,张巴适 定制不辣辣椒节（武汉）1包20斤装,2.0,2.0,1.0,1.0
供应链,张巴适 定制香辣辣椒节（武汉）1包20斤装,2.0,2.0,1.0,1.0
供应链,瑞发德奥尔良鸡排腿 10片*10袋/9.5kg,170.0,25.0,0.147058823529412,0.14705882352941177
供应链,经典黑鸭煲 蒸虾蘸汁 25kg/桶,90.0,90.0,1.0,1.0
供应链,臻汁煌工作服（冬）2XL,66.0,1.0,0.0151515151515152,0.015151515151515152
供应链,超牛堡 汉堡专用 辣椒圈（一件6桶）  按小桶出,180.0,31.5,0.175,0.175
供应链,鹿香遇卤料1.5kg*10/箱,3060.0,30.0,0.00980392156862745,0.00980392156862745
冻品肉类,1号博大箱装白袋黄焖鸡鸡块9.1kg左右/件,6752.22,750.95,0.111215274383832,0.11121527438383229
冻品肉类,1号博大（一厂）箱装红袋鸡公煲鸡块9.1kg左右/件,7035.0,782.58,0.111240938166311,0.11124093816631131
冻品肉类,25斤 肥牛卷中穆  ZM -厚度1.8mm不带头子 优质火锅卷,15653.0,2715.22,0.173463233884878,0.17346323388487828
冻品肉类,2号白箱装白袋子（黑色胶带）黄焖鸡鸡块10kg/件,78471.0,13512.45,0.172196735099591,0.17219673509959094
冻品肉类,2号白箱装红袋（红色色胶带）鸡公煲鸡块10kg/件,113367.0,11534.19,0.10174204133478,0.10174204133477997
冻品肉类,4号   灰箱 红色胶带鸡公煲10kg鸡块,33702.0,2668.72,0.0791858049967361,0.0791858049967361
冻品肉类,4号 灰箱 黑色胶带 黄焖鸡10kg鸡块,23616.0,1953.0,0.0826981707317073,0.08269817073170732
冻品肉类,7斤肥牛卷中穆 ZM  -厚度1.8mm不带头子 优质火锅卷,1562.0,392.89,0.251530089628681,0.2515300896286812
冻品肉类,CFD仟岛凰火山石烤肠70g*10支/袋*20袋/件,1462.5,54.6,0.0373333333333333,0.037333333333333336
冻品肉类,CFD包浆豆腐:1件31斤40包【散包出】,572.0,44.0,0.0769230769230769,0.07692307692307693
冻品肉类,CFD啊发伯培根: 1件24斤8包【散包出】,77.0,2.0,0.025974025974026,0.025974025974025976
冻品肉类,CFD安井玉米肠：1件24斤8包【散包出】,712.0,17.09,0.024002808988764,0.024002808988764043
冻品肉类,CFD安井鱼籽包：1件20斤4包【散包出】ZY,1050.0,55.75,0.0530952380952381,0.0530952380952381
冻品肉类,CFD手锤牛筋丸：1箱20斤20包【散包出】,705.6,21.0,0.0297619047619048,0.02976190476190476
冻品肉类,CFD扬帆里脊肉:1箱20斤10包【散包出】,1928.5,66.5,0.0344827586206897,0.034482758620689655
冻品肉类,CFD椒香鸡柳丝20斤10包【散包出】,330.0,22.0,0.0666666666666667,0.06666666666666667
冻品肉类,CFD毛肚小叶片：1 箱35斤10包【散包出】,342.5,2.5,0.0072992700729927,0.0072992700729927005
冻品肉类,CFD油煎荷包蛋: 1件20斤4包【散包出】,830.25,87.75,0.105691056910569,0.10569105691056911
冻品肉类,CFD海霸王鱼豆腐:1件20斤4包【散包出】,257.5,12.5,0.0485436893203884,0.04854368932038835
冻品肉类,CFD海马牛筋丸:1箱20斤20包【散包出】,730.8,18.0,0.0246305418719212,0.024630541871921183
冻品肉类,CFD海马牛肉丸:1件20斤20包【散包出】,639.45,15.75,0.0246305418719212,0.02463054187192118
冻品肉类,CFD海马鱼籽福袋:1件20斤4包【散包出】,1652.0,20.0,0.0121065375302663,0.012106537530266344
冻品肉类,CFD海鲜蛏子王：1件10斤【整箱出】,230.0,20.0,0.0869565217391304,0.08695652173913043
冻品肉类,CFD清口肉片: 1件30斤6包【散包出】,3247.71,57.4199999999997,0.017680150013394,0.01768015001339396
冻品肉类,CFD照烧黄焖鸡：1件30斤6包【散包出】,1456.36,191.36,0.131396083385976,0.13139608338597603
冻品肉类,CFD玖嘉久三层包心丸:1箱12斤6包【散包出】,737.4,12.45,0.0168836452400325,0.016883645240032545
冻品肉类,CFD禾盟水滑肉：1件20斤20包【散包出】,1040.0,16.25,0.015625,0.015625
冻品肉类,CFD美好香葱肉丸20斤10包【散包出】,986.0,34.0,0.0344827586206897,0.034482758620689655
冻品肉类,CFD虎皮小鸡爪：1件18斤【整箱出】,975.0,0.0,0.0,0.0
冻品肉类,CFD逮虾记红晶虾滑:1件20斤20包【散包出】,1592.5,17.5,0.010989010989011,0.01098901098901099
冻品肉类,CFD釜山鲜鱼饼：1件20斤2包【散包出】,1377.0,42.5,0.0308641975308642,0.030864197530864196
冻品肉类,CFD颂食佳手锤牛肉丸500gx20包【按包出】,1604.4,47.75,0.0297619047619048,0.02976190476190476
冻品肉类,CFD鸿芳鱼籽烧: 1件20斤 4包【散包出】,2165.97,65.97,0.0304574855607418,0.03045748556074184
冻品肉类,XKJ祥客基专用肥牛卷25斤(晟世丰腾 牛肉片）,8970.0,1518.0,0.169230769230769,0.16923076923076924
冻品肉类,YSY 排骨块 9.7Kg 排骨加工切块排边,25010.0,1830.0,0.0731707317073171,0.07317073170731707
冻品肉类,[三全]爆浆糍粑300g*12袋/件,169.65,34.65,0.204244031830239,0.2042440318302387
冻品肉类,[凯达]3/8乐享粗薯裹粉薯条2KG*6袋/件,220.0,20.0,0.0909090909090909,0.09090909090909091
冻品肉类,[安井] 火锅油条500g*12包/件,15.0,3.66,0.244,0.24400000000000002
冻品肉类,[安井]Q鱼味板 脆肉鱼豆腐 2.5kg*4/件,524.32,44.32,0.08452853219408,0.08452853219407995
冻品肉类,[安井]亲亲肠2.5kg*4包/件,316.54,35.54,0.112276489543186,0.11227648954318568
冻品肉类,[安井]包心鱼丸2.5kg袋*4包/件,174.75,11.0,0.0629470672389127,0.06294706723891273
冻品肉类,[安井]包心鱼豆腐，2.5kg*4包 火锅食材,43.18,5.18,0.119962945808245,0.11996294580824456
冻品肉类,[安井]千页豆腐/千叶豆腐2.5Kg/包*4包/件,94.45,9.45,0.100052938062467,0.1000529380624669
冻品肉类,[安井]啵啵肠 2.5kg*4包波波肠 一口肠火锅食材,44.5,2.5,0.0561797752808989,0.056179775280898875
冻品肉类,[安井]夹心蟹味排2.5kg*4包 火锅食材蟹排,56.0,2.0,0.0357142857142857,0.03571428571428571
冻品肉类,[安井]小酥肉1kg*10包/件,142.36,14.36,0.100871031188536,0.10087103118853609
冻品肉类,[安井]开花肠(1.5 kg/4包)件,27.0,5.25,0.194444444444444,0.19444444444444445
冻品肉类,[安井]爆汁小鱼丸2.5kg*4包 火锅食材,114.6,12.6,0.109947643979058,0.1099476439790576
冻品肉类,[安井]牛丸 撒尿牛肉丸.2.5kg*4包 火锅食材,340.14,33.36,0.0980772623037573,0.09807726230375728
冻品肉类,[安井]虾饺霞迷饺 2.5Kg*4包/箱 火锅,178.68,19.68,0.110141034251175,0.11014103425117527
冻品肉类,[安井]蟹柳 仿蟹柳，2.5kg*4包  火锅食材,295.52,29.52,0.0998917162966974,0.09989171629669735
冻品肉类,[安井]香肉 闽南香肉（2.5kg*4包）,227.52,25.02,0.10996835443038,0.10996835443037974
冻品肉类,[安井]黄金蛋饺 150g*6小袋*10包/箱,17.0,2.0,0.117647058823529,0.11764705882352941
冻品肉类,[山大王] 玉米粒 （无冰）2.5kg*4袋/件,1443.88,166.38,0.115231182646757,0.11523118264675733
冻品肉类,[帕特尔] 7957厂冻猪前腿肘子（大个头） 10kg/件,212.0,15.0,0.0707547169811321,0.07075471698113207
冻品肉类,[惠万家]经典培根1.5*8 培根肉片,1288.0,154.76,0.120155279503106,0.12015527950310559
冻品肉类,[惠万家]雪花烟肉片（培根） 1.5kg*8袋/件 火锅食材,64.0,4.0,0.0625,0.0625
冻品肉类,[晓澜]豆腐串20支/袋,1238.0,401.0,0.323909531502423,0.32390953150242324
冻品肉类,[正大]菌菇三鲜蒸饺960g*8包/件,184.0,14.0,0.0760869565217391,0.07608695652173914
冻品肉类,[海欣] 龙虾球 2.5kg/袋,1098.93,10.18,0.00926355636846751,0.00926355636846751
冻品肉类,[粮安天下] 牛三鲜 850g*15包/件,52.0,4.0,0.0769230769230769,0.07692307692307693
冻品肉类,[美好] 清卤肥肠 1kg*10袋/件,455.0,56.0,0.123076923076923,0.12307692307692308
冻品肉类,[翼辉] 优质黑毛肚丝/火锅毛肚 2.5kg/包（二配）,78.8,22.8,0.289340101522843,0.2893401015228427
冻品肉类,[飞佳] 乇乇肉 9.6kg（去骨鸡腿肉） 二配,97.2,7.2,0.0740740740740741,0.07407407407407407
冻品肉类,【7斤装】尚品 肥牛1.0mm,2100.0,426.16,0.202933333333333,0.20293333333333335
冻品肉类,【二配】信天下 老卤豆丝2.5kg*4袋,50.0,5.0,0.1,0.1
冻品肉类,【切】六和鸭块（冻鸭边腿） 2.5cm*2.5cm,260.0,30.0,0.115384615384615,0.11538461538461539
冻品肉类,【切】筒子骨2kg/袋,486.5,283.5,0.58273381294964,0.5827338129496403
冻品肉类,【加工】（透明胶带）鲁源 纯干45-50凤爪9kg/件（去掉指甲）,5135.68,343.68,0.0669200573244439,0.0669200573244439
冻品肉类,【原料】（透明胶带）鲁源 纯干45-50凤爪9kg/件,1466.36,114.36,0.0779890340707603,0.07798903407076026
冻品肉类,【必须泡沫箱打包发】（快厨）猪肉小馄饨210g*24包/件,5136.0,287.34,0.055946261682243,0.05594626168224299
冻品肉类,【散包出】CFD闽江鑫渔巴沙鱼片:1件20斤10包,1350.5,73.0,0.0540540540540541,0.05405405405405406
冻品肉类,【牛下地】千丝白毛肚5斤/袋（底板丝）,130.0,18.0,0.138461538461538,0.13846153846153847
冻品肉类,【特配】特级凤爪xl号9.5kg/件,3960.0,451.0,0.113888888888889,0.11388888888888889
冻品肉类,【笑脸袋】雅士享上腿鸡块9.3kg/件加工后解冻前9.1kg左右,12452.0,2808.11,0.225514776742692,0.22551477674269194
冻品肉类,【自营】CFD-焦福记黑椒肉柳:1件30斤6包【散包出】,1449.01,78.0199999999999,0.0538436587739214,0.053843658773921436
冻品肉类,【自采】 速冻油炸裹粉茄条（祥客基专用）1.5kg*9/件,1719.0,180.0,0.104712041884817,0.10471204188481675
冻品肉类,一心阳洋 火锅伴侣猪黄喉2.5KG/袋 二配,330.0,30.0,0.0909090909090909,0.09090909090909091
冻品肉类,三全 火锅油条500g*12包/件,816.48,48.96,0.0599647266313933,0.059964726631393295
冻品肉类,东山千味客_千页豆腐 400g*30包/件,193.44,30.94,0.15994623655914,0.15994623655913978
冻品肉类,东邦川派爆汁大苕皮（缸豆）10支*10袋,57.0,6.0,0.105263157894737,0.10526315789473684
冻品肉类,中海渔联  虾排鲜虾10.8kg  70g*24枚*6盒,1731.98,231.98,0.13393919098373,0.13393919098372958
冻品肉类,云味福 免浆牛蛙块 500g*20袋/件,10591.0,591.0,0.0558020961193466,0.05580209611934662
冻品肉类,亲亲抱 挂浆小酥肉800g*10袋/件,178.74,25.14,0.14065122524337,0.14065122524337026
冻品肉类,冰鲜小号墨鱼仔净重约3.15kg/件,330.0,130.0,0.393939393939394,0.3939393939393939
冻品肉类,冰鲜脆口鱿鱼须3kg/件,70.0,5.0,0.0714285714285714,0.07142857142857142
冻品肉类,冷冻 猪肥膘片1kg*10袋/件,375.0,27.96,0.07456,0.07456
冻品肉类,冷冻分切廋肉片1kg*10袋/件,2360.0,96.7,0.0409745762711864,0.04097457627118644
冻品肉类,冻 牛肚切块 抄码7斤左右/块,111.3,6.65999999999998,0.0598382749326144,0.05983827493261437
冻品肉类,冻带皮五花肉块1厘米见方1kg*10袋/件,447.0,24.5,0.0548098434004474,0.05480984340044743
冻品肉类,千丝黑毛肚5斤/袋,34.21,4.21,0.123063431745104,0.12306343174510377
冻品肉类,升隆 虾味球 2.5kg*4袋/件,35.0,2.0,0.0571428571428571,0.05714285714285714
冻品肉类,升隆 闽南撒尿牛肉丸 2.5Kg*4包/箱 火锅食材,211.28,13.28,0.0628549791745551,0.06285497917455508
冻品肉类,升隆小酥肉1kg*8包/件 火锅冒菜食材,11488.0,1324.0,0.11525069637883,0.11525069637883008
冻品肉类,升隆金黄脆骨丸2.5kg*4包/件,32.5,1.25,0.0384615384615385,0.038461538461538464
冻品肉类,华宝 32凤爪 1kg*9包/件,2030.0,155.18,0.0764433497536946,0.07644334975369459
冻品肉类,卤小鸡腿50-60g/个2.5kg/袋,1090.0,51.42,0.0471743119266055,0.047174311926605504
冻品肉类,卤肥肠 约2.5kg,16907.5,1717.5,0.101582138104392,0.10158213810439154
冻品肉类,原切肥牛卷500g*5盒/件,2472.2,235.03,0.0950691691610711,0.09506916916107112
冻品肉类,双汇旺厨 三文治:1件14.4斤4条【散条出】,171.5,5.25,0.0306122448979592,0.030612244897959183
冻品肉类,双阳牧原 乡村土鸡/三黄鸡13只,818.6,26.6,0.0324945028096751,0.03249450280967506
冻品肉类,名佑甄品培根:1件24斤8包【散包出】,1978.24,58.24,0.0294403105791006,0.029440310579100615
冻品肉类,味当鲜 全熟外婆菜1kg*20袋/件,284.43,11.64,0.0409239531694969,0.04092395316949689
冻品肉类,味当鲜 爆炒鲜猪肝1kg*10袋/件,120.0,10.9,0.0908333333333333,0.09083333333333334
冻品肉类,喇叭湖 50g面筋20支*10袋【二配】,418.0,76.0,0.181818181818182,0.18181818181818182
冻品肉类,嘉庚 亲亲肠 2.5kg*4包 源香系列火锅系列,29.0,1.5,0.0517241379310345,0.05172413793103448
冻品肉类,地道 黑椒肉柳(牛肉风味) 2.5kg*6包/件,120.0,32.49,0.27075,0.27075
冻品肉类,太合 单冻鸡大胸特级9.8kg/件,1311.42,35.42,0.0270088911256501,0.02700889112565006
冻品肉类,太合 鸡翅中 L号 1kg/袋*10,41.3,3.3,0.0799031476997579,0.07990314769975787
冻品肉类,太合 鸡胸肉 940g*10包/件,264.0,90.2,0.341666666666667,0.3416666666666667
冻品肉类,安井 冻品先生免浆黑鱼片250g*25包/件（二配）,1564.0,64.0,0.040920716112532,0.04092071611253197
冻品肉类,安格瑞香辣薯格1kg*6袋/箱,256.0,20.0,0.078125,0.078125
冻品肉类,小龙鱼罗氏沼虾8/10（SL）750g*12盒（二配）,860.16,30.12,0.0350167410714286,0.035016741071428575
冻品肉类,山大王 新西兰进口青豆 2.5kg*4包/件 (二配）,150.0,10.0,0.0666666666666667,0.06666666666666667
冻品肉类,巴西12513厂 [百丽] 猪手 23-26根 10kg/件 （二配）,2070.0,65.0,0.0314009661835749,0.03140096618357488
冻品肉类,张喜子专用肥牛卷 25斤-厚度1.5mm,1300.0,85.5,0.0657692307692308,0.06576923076923077
冻品肉类,张巴适 卤牛肉 2斤/袋,272.0,32.0,0.117647058823529,0.11764705882352941
冻品肉类,思念 黑芝麻汤圆 500g*20包/件,24.0,3.0,0.125,0.125
冻品肉类,思念灌汤水饺猪肉白菜2.5kg*4袋/包,23.5,4.75,0.202127659574468,0.20212765957446807
冻品肉类,惠万家 乌鸡风味肉扒1.5kgX8包/件,21.49,2.44,0.113541181945091,0.11354118194509075
冻品肉类,拉丝芝士棒（热狗棒） 80g*10根*9包/件,260.0,28.86,0.111,0.111
冻品肉类,新-中海渔联 鳕鱼排 31g*10枚*20盒/件  小包装,832.0,169.2,0.203365384615385,0.20336538461538461
冻品肉类,新和盛手撕鸡条 1kg*10袋,772.0,32.0,0.0414507772020725,0.04145077720207254
冻品肉类,新和盛椒香小酥肉1kg*10包,168.0,13.0,0.0773809523809524,0.07738095238095238
冻品肉类,新盛 单冻鸡大胸10kg/件,861.0,21.0,0.024390243902439,0.024390243902439025
冻品肉类,日龙川香鸡柳 1Kg*10包 25根/包 火锅,87.5,15.0,0.171428571428571,0.17142857142857143
冻品肉类,昊明 鸡排腿 300-350g 8.5kg/件,480.0,15.0,0.03125,0.03125
冻品肉类,昊瑞福单冻里脊肉片,195.0,20.0,0.102564102564103,0.10256410256410256
冻品肉类,昌达 青虾仁71/90（带冰）5kg /件 二配,155.0,10.0,0.0645161290322581,0.06451612903225806
冻品肉类,曾食记 香嫩牛肉1KG*10袋/件,872.01,42.01,0.0481760530269148,0.04817605302691483
冻品肉类,有信虾 40/50 12KG/件 二配,2325.0,50.0,0.021505376344086,0.021505376344086023
冻品肉类,模拟蟹柳/蟹棒500g*1包*20包一件 模拟蟹棒,21.0,3.0,0.142857142857143,0.14285714285714285
冻品肉类,正大 团膳狮子头 2.5KG*4包/件,185.0,20.0,0.108108108108108,0.10810810810810811
冻品肉类,毛肚小叶片2.5Kg/包净重4斤,274.0,2.0,0.0072992700729927,0.0072992700729927005
冻品肉类,汇正 牛肉片1kg*10袋/件（霸碗同款）,1320.0,40.0,0.0303030303030303,0.030303030303030304
冻品肉类,油炸带皮紫茄条1.4kg*9袋/件,6500.05,509.75,0.0784224736732794,0.07842247367327944
冻品肉类,泰森 藤椒风味劲脆鸡翅根10kg,2160.0,135.0,0.0625,0.0625
冻品肉类,海晹雪花牛肉风味扒1kg*10/件,15.5,1.5,0.0967741935483871,0.0967741935483871
冻品肉类,海欣方块鱼豆腐2.5kg*4/件,27.5,1.0,0.0363636363636364,0.03636363636363636
冻品肉类,海霸王 太湖燕饺:1件20斤4包【散包出】,648.0,30.0,0.0462962962962963,0.046296296296296294
冻品肉类,海霸王 夹心蟹黄排2.5kg*4包/件【散包出】,649.0,27.5,0.0423728813559322,0.0423728813559322
冻品肉类,海霸王蛋饺: 1件18斤10包【散包出】,1125.6,187.6,0.166666666666667,0.16666666666666669
冻品肉类,源之香 烤肠 辣味 42根*10包/箱 热狗 香肠火锅,209.6,12.6,0.0601145038167939,0.060114503816793896
冻品肉类,源之香 福州鱼丸 2.5Kg*4包/箱 火锅,122.0,12.0,0.0983606557377049,0.09836065573770492
冻品肉类,源之香出品嘉庚美食 B级撒尿牛肉丸  2.5Kg*4包/箱牛丸,487.0,59.5,0.12217659137577,0.12217659137577003
冻品肉类,满念 经典培根1.5kg*8包/件,243.0,23.96,0.0986008230452675,0.09860082304526749
冻品肉类,爱尝味  芝麻藕条2.5kg*4袋/件,2150.0,150.0,0.0697674418604651,0.06976744186046512
冻品肉类,牛下地-千丝白毛肚5斤/袋,227.5,31.5,0.138461538461538,0.13846153846153847
冻品肉类,牛下地（底板丝）-千丝白毛肚5斤/袋,97.5,13.5,0.138461538461538,0.13846153846153847
冻品肉类,牛德到 火锅鲜鸭肠1Kg/袋 固形物大于60%,1191.12,21.12,0.0177312109611122,0.017731210961112232
冻品肉类,牛德岛-白丝千层肚:1件10包*2.5kg【散包发】,109.0,1.0,0.00917431192660551,0.009174311926605505
冻品肉类,牛德岛-白千层毛肚:1件10包*2.5kg【散包发】,327.0,3.0,0.00917431192660551,0.009174311926605505
冻品肉类,王牌 50-60基围虾1.4kg*10盒/件,282.91,25.41,0.0898165494326818,0.08981654943268176
冻品肉类,田源程免浆鲜牛蛙 500g*20包/件-二配,325.0,35.0,0.107692307692308,0.1076923076923077
冻品肉类,知味大师 切片火腿 25g*80片*10包,1020.0,120.0,0.117647058823529,0.11764705882352941
冻品肉类,福久香 原味鸡肉片 1kg*10包/件,2677.6,488.8,0.182551538691365,0.18255153869136542
冻品肉类,福久香 芝香鱿鱼须 1KG*10袋/件（按袋出）,132.0,20.0,0.151515151515152,0.15151515151515152
冻品肉类,福久香 麻辣肉片 1KG*10袋/件,802.14,130.14,0.162241005310794,0.1622410053107936
冻品肉类,福久香-黑椒肉柳1Kg*10袋/件[按袋出],230.4,38.4,0.166666666666667,0.16666666666666666
冻品肉类,精品涮肉肥牛卷25斤-1.8mm牛肉风味(鸭肉制品),1279.0,129.16,0.100985144644253,0.10098514464425332
冻品肉类,精品涮肉肥牛卷7斤-1.8mm牛肉风味(鸭肉制品),691.8,220.1,0.318155536282163,0.3181555362821625
冻品肉类,纳佰味 咔兹脆鸡排1kg*10包/件,1008.0,168.0,0.166666666666667,0.16666666666666666
冻品肉类,纳佰味小酥肉椒麻味_800g*10包/件,1120.0,160.0,0.142857142857143,0.14285714285714285
冻品肉类,翱马香 金丝鸡排 1kg*10包,35.0,3.0,0.0857142857142857,0.08571428571428572
冻品肉类,老土锅 土豆牛肉220g*60包/件,290.0,20.0,0.0689655172413793,0.06896551724137931
冻品肉类,聚味喜（瑞发德)_燃情伴翅2.5KG*4包/件,850.0,115.15,0.135470588235294,0.13547058823529412
冻品肉类,肥牛一号-7斤-1.8mm优质精品肥牛卷_不含头子,4063.0,878.38,0.216190007383707,0.2161900073837066
冻品肉类,肥牛一号25斤-1.8mm优质精品肥牛卷_不含头子,425.0,92.5,0.217647058823529,0.21764705882352942
冻品肉类,肥羊卷5斤-利鹏_精品羔羊肉卷,420.0,102.56,0.244190476190476,0.2441904761904762
冻品肉类,自营 CFD汉福宫彩虹芝士年糕500g*20袋/件,728.0,22.75,0.03125,0.03125
冻品肉类,自营 CFD海王子包心鱼丸:2.5kg*4包【散包出】,647.48,34.98,0.0540248347439303,0.05402483474393031
冻品肉类,臻汁煌（莳藓 免浆黑鱼片）250g×25,840.0,65.0,0.0773809523809524,0.07738095238095238
冻品肉类,荷风 乇乇肉19.4kg/袋（编织袋）,771.0,66.0,0.0856031128404669,0.08560311284046693
冻品肉类,虎皮翅尖 2.5kg*4袋/件,63.0,5.5,0.0873015873015873,0.0873015873015873
冻品肉类,虎皮香辣凤爪（卤制品2.5kg/袋4袋一件）卤鸡爪按袋出,2500.0,300.0,0.12,0.12
冻品肉类,蟹黄世家 模拟蟹柳蟹肉棒: 1件20斤20包【散包出】,2175.5,75.5,0.0347046655941163,0.034704665594116293
冻品肉类,豆骅堂 东北原浆冻豆腐2.5kg*4包/件,36.0,6.0,0.166666666666667,0.16666666666666666
冻品肉类,超牛堡专用鸡排  腿排10kg,25545.0,1715.16,0.067142689371697,0.06714268937169701
冻品肉类,速冻毛豆仁1kg/袋（按袋出）,132.0,12.0,0.0909090909090909,0.09090909090909091
冻品肉类,逮虾记黑虎大粒鲜虾滑 500g*20包/件【散包出】,631.75,4.75,0.0075187969924812,0.007518796992481203
冻品肉类,陈地道麻辣肉片1kg*10袋/件,1845.0,184.5,0.1,0.1
冻品肉类,霸米 鱼香肉丝1kg*12袋/件,950.0,93.34,0.0982526315789474,0.09825263157894737
冻品肉类,食芝铺 切片年糕400g*30包/件,6.58,0.92,0.139817629179331,0.1398176291793313
冻品肉类,鱿鱼须小（二本足）尤鱼须8斤/件,185.93,15.93,0.0856774054751788,0.08567740547517882
冻品肉类,鲜美来 40/50冻带头南美白虾1.5kg*6盒/件,370.03,10.03,0.0271059103315947,0.027105910331594735
冻品肉类,鸿津 脆皮肠 2.5Kg*4包/箱 火锅,225.15,15.15,0.0672884743504331,0.06728847435043304
冻品肉类,齐赞 香蒸肉排15片*70g*12包/件,163.0,7.96000000000001,0.0488343558282209,0.04883435582822092
冻品肉类,龙鸟 琵琶腿120g-130g 9.7KG/件 （二配）,2352.3,102.3,0.0434893508481061,0.0434893508481061
冻品肉类,龙鸟 琵琶腿180g以上 9.7KG/件,976.0,80.0,0.0819672131147541,0.08196721311475409
冻品肉类,（自营）冠程小酥肉:1件16斤10包【散包出】,1185.5,52.5,0.0442851117671868,0.044285111767186844
冻品肉类,（自营）海王子撒尿牛肉丸:  1件20斤4包【散包出】,904.03,72.78,0.0805061778923266,0.08050617789232659
干杂,CFD B级响铃卷：1件12斤【整箱出】,1962.0,66.0,0.0336391437308869,0.03363914373088685
干杂,CFD-花生碎:2.5kg*6包/箱【按包出】,902.28,56.35,0.0624528971051115,0.062452897105111496
干杂,CFD千顺蔬菜面:1箱8斤【干货整箱出】,544.0,51.0,0.09375,0.09375
干杂,CFD广味长腊肠:1箱10斤【整箱出】,624.0,24.0,0.0384615384615385,0.038461538461538464
干杂,CFD文旦鸡蛋干:1箱15斤【干货整箱出】,164.0,24.0,0.146341463414634,0.14634146341463414
干杂,CFD桂林米线:（粗米粉）25Kg泡70斤【干货整袋出】,1064.0,24.0,0.0225563909774436,0.022556390977443608
干杂,CFD海带结:1件净重4.4斤【干货整箱出】,54.0,9.0,0.166666666666667,0.16666666666666666
干杂,CFD添满福花球面:1箱8斤【干货整箱出】,1089.0,99.0,0.0909090909090909,0.09090909090909091
干杂,CFD清水玉米笋400g*20包/件,665.0,15.0,0.0225563909774436,0.022556390977443608
干杂,CFD玉米面:1件泡28斤【干货整箱出】,1162.0,57.0,0.049053356282272,0.04905335628227195
干杂,CFD红薯宽芍粉:1箱泡29斤【干货整箱出】,455.0,21.0,0.0461538461538462,0.046153846153846156
干杂,CFD蛋白肉:1袋10斤【干货整袋出】,231.0,21.0,0.0909090909090909,0.09090909090909091
干杂,CFD金匹夫鹅肠面:1箱8斤【干货整箱出】,160.0,15.0,0.09375,0.09375
干杂,CFD鑫祺大白宽粉：1袋净重11斤【干货整袋出】,280.0,21.0,0.075,0.075
干杂,CFD鸡肠段（豆棍）:1袋20斤【干货整袋出】,276.0,12.0,0.0434782608695652,0.043478260869565216
干杂,CFD黄罐午餐肉：1件16斤24罐【整箱出】,1116.0,18.0,0.0161290322580645,0.016129032258064516
干杂,CFD龙口细粉丝:1件14斤【干货整箱出】,1752.0,72.0,0.0410958904109589,0.0410958904109589
干杂,CFD龙腾细粉丝:1件5斤【干货整箱出】,665.96,67.96,0.102048171061325,0.102048171061325
干杂,CFD（绿粉源）小包土豆粉: 1件18斤【干货整箱出】,817.0,57.0,0.0697674418604651,0.06976744186046512
干杂,[椒乡]红油豆角4.5kg/件,62.0,8.0,0.129032258064516,0.12903225806451613
干杂,[毅君]原装盐渍海带丝4.5斤/件,15.0,3.0,0.2,0.2
干杂,[金星]腐竹6.5斤/捆,888.1,108.1,0.121720526967684,0.1217205269676838
干杂,[齐汇]配餐三文治香肠1.8kg*4根/件,440.05,65.05,0.147824110896489,0.14782411089648903
干杂,【自营】CFD-吉川小腊肠珍品香肠9 斤火锅烧烤肠【整箱出】,1065.0,25.0,0.0234741784037559,0.023474178403755867
干杂,【自营】CFD-魔芋丝结：1件20斤20包【干货整箱出】,567.0,27.0,0.0476190476190476,0.047619047619047616
干杂,冠军火锅鸭血 300g*20盒/箱,407.4,92.25,0.226435935198822,0.2264359351988218
干杂,凤梨糖水菠萝圆片罐头825g*24罐/件,3242.52,408.59,0.126010016900435,0.12601001690043545
干杂,华康粉丝 5板*9/件5kg,84.0,12.0,0.142857142857143,0.14285714285714285
干杂,壹豆到底 响铃卷120g*32包/件,590.5,109.99,0.186265876375953,0.18626587637595257
干杂,妙可蓝多 车达芝士片(黄)984g*8包,6669.44,314.44,0.0471463871029652,0.04714638710296517
干杂,妙可蓝多 （宜客）车达芝士片(黄)984g*8包,4904.68,354.68,0.0723146056419583,0.0723146056419583
干杂,安尼莫 汉堡用芝士片黄片(80片904g*12包),3270.0,258.48,0.079045871559633,0.07904587155963304
干杂,干木耳（东北一级黑木耳中片1.5大小）,228.0,30.0,0.131578947368421,0.13157894736842105
干杂,干豆角,16.09,2.09,0.129894344313238,0.12989434431323804
干杂,散装枸杞500g/袋,260.0,20.0,0.0769230769230769,0.07692307692307693
干杂,春红 黄金豆牛肉味1.5kg*6包/件,91.0,12.81,0.140769230769231,0.14076923076923079
干杂,春红 黄金豆香辣味约1.5kg*6包/件,201.2,22.5,0.11182902584493,0.11182902584493043
干杂,楚岳 短豆棍 1kg*10包/件,68.4,4.2,0.0614035087719298,0.06140350877192982
干杂,火锅川粉:1箱泡31斤｛干货整箱出｝,711.0,31.0,0.0436005625879044,0.04360056258790436
干杂,琦丰排骨方便面4kg/件,520.0,60.0,0.115384615384615,0.11538461538461539
干杂,百利_酸青瓜罐头700g*12瓶/件,376.0,16.0,0.0425531914893617,0.0425531914893617
干杂,紫菜 100g/包,32.0,16.0,0.5,0.5
干杂,红壳花生米 大颗粒 优质,52.0,4.0,0.0769230769230769,0.07692307692307693
干杂,罗汉笋2.5kg*4包,956.25,50.0,0.0522875816993464,0.05228758169934641
干杂,自营 CFD火锅冬笋片：1件20斤【整箱出】,2575.0,475.0,0.184466019417476,0.18446601941747573
干杂,自营 CFD裙带菜：1箱1斤10包【散包出】,646.1,100.1,0.154929577464789,0.15492957746478872
干杂,臻汁煌 热饮原磨豆浆粉1kg*16包/件,870.0,36.0,0.0413793103448276,0.041379310344827586
干杂,花生米 特大（散称）2斤/袋,195.0,30.3,0.155384615384615,0.1553846153846154
干杂,花菜干1.5kg/袋,60.66,4.84,0.0797889878008572,0.07978898780085723
干杂,薯城甄珠 水晶粉丝80g*50袋/件,237.0,21.0,0.0886075949367089,0.08860759493670886
干杂,铂凯 精制糖蒜3kg/件,621.0,81.0,0.130434782608696,0.13043478260869565
干杂,高嘉瑞 荞麦面 7.5斤/件【整箱出】,30.0,3.0,0.1,0.1
干杂,鹿茸菇 500g/包,33.5,1.5,0.0447761194029851,0.04477611940298507
干杂,龙腾粉丝_2.5kg/件,120.0,16.0,0.133333333333333,0.13333333333333333
新鲜水果,[水果]香梨,1322.0,218.0,0.164901664145235,0.1649016641452345
新鲜水果,【举高高】进口香蕉,856.0,190.0,0.22196261682243,0.2219626168224299
新鲜水果,【二配】哈密瓜 约19斤/件 按件出,2893.89,116.961,0.0404165327638577,0.04041653276385765
新鲜水果,【二配】海南无籽西瓜（约15斤/个）,10856.64,1744.39,0.160674941786778,0.16067494178677752
新鲜水果,【二配】麒麟西瓜,8171.9,1696.55,0.207607777872955,0.2076077778729549
新鲜水果,【二配】黄柠檬,120.0,20.0,0.166666666666667,0.16666666666666666
新鲜水果,冬枣（小）,1008.9,168.9,0.167410050550104,0.16741005055010408
新鲜水果,圣女果（小果）,46.0,6.82,0.148260869565217,0.1482608695652174
新鲜水果,密橘,1828.8,500.8,0.273840769903762,0.27384076990376205
新鲜水果,柠檬,41.6,9.1,0.21875,0.21874999999999997
新鲜水果,橙子,99.0,30.0,0.303030303030303,0.30303030303030304
新鲜水果,砂糖橘,67.36,7.36,0.109263657957245,0.10926365795724466
新鲜水果,红圣女果,1006.34,88.1400000000001,0.0875847129200868,0.08758471292008675
新鲜水果,红提,714.58,129.58,0.181337289036917,0.1813372890369168
新鲜水果,阳光玫瑰,2929.9,471.45,0.160909928666507,0.16090992866650738
新鲜水果,青脆李,1472.0,207.0,0.140625,0.140625
新鲜水果,黄圣女果,102.41,-8.09,-0.0789961917781467,-0.07899619177814667
新鲜水果,黄柠檬（中）,95.0,15.0,0.157894736842105,0.15789473684210525
新鲜水果,黄百香果,4191.0,571.5,0.136363636363636,0.13636363636363635
新鲜水果,龙眼,1513.0,178.0,0.117647058823529,0.11764705882352941
海鲜水产,小草鱼杀好（2斤以内）,23.86,13.36,0.559932942162615,0.5599329421626152
海鲜水产,草鱼 开膛杀好 3斤左右,584.02,61.792,0.105804595733023,0.10580459573302285
米面粮油,[康美珍] 鸡蛋豆腐 65g*50支/箱,403.0,67.0,0.166253101736973,0.1662531017369727
米面粮油,[沙鸥]大豆油20L/桶,178.0,10.0,0.0561797752808989,0.056179775280898875
米面粮油,[添添见]红烧排骨方便面4kg/箱,232.0,32.0,0.137931034482759,0.13793103448275862
米面粮油,[裕西]苏北大米20kg/袋,839.0,49.0,0.0584028605482718,0.058402860548271755
米面粮油,东北月光大米 10kg/包,212.0,28.0,0.132075471698113,0.1320754716981132
米面粮油,五得利 特精面粉（五星）25kg/袋,1221.15,36.15,0.0296032428448594,0.02960324284485935
米面粮油,五得利 高精面粉（四星）25kg/袋,79.88,2.88,0.0360540811216825,0.03605408112168253
米面粮油,元宝大豆油 20千克/桶,191.23,4.22999999999999,0.0221199602572818,0.022119960257281756
米面粮油,元宝大豆油 5升/桶,1319.5,43.5,0.032967032967033,0.03296703296703297
米面粮油,如意道长粒香米25kg/包,936.0,40.0,0.0427350427350427,0.042735042735042736
米面粮油,宝亮 松花江珍珠米25kg/袋,582.9,37.9,0.0650197289414994,0.0650197289414994
米面粮油,小米,238.0,76.11,0.319789915966387,0.31978991596638656
米面粮油,弘威 排骨面 4kg/件,659.7,79.7,0.120812490525997,0.12081249052599666
米面粮油,星河谷 五常香米（原粮稻香米2号）25KG/袋,568.0,48.0,0.0845070422535211,0.08450704225352113
米面粮油,正宗东北月光珍珠米25kg大米,1430.0,86.0,0.0601398601398601,0.06013986013986014
米面粮油,百利 红腰豆432g*24罐/件,237.36,45.54,0.191860465116279,0.19186046511627905
米面粮油,红皮花生米-（大粒深红色）散称,544.0,99.2,0.182352941176471,0.1823529411764706
米面粮油,脱皮白芝麻（斤）,27.0,1.5,0.0555555555555556,0.05555555555555555
米面粮油,脱皮白芝麻（生）散称,11.0,3.29,0.299090909090909,0.2990909090909091
米面粮油,超牛堡 车轮牌黄油黄奶油16kg,1420.0,60.0,0.0422535211267606,0.04225352112676056
米面粮油,金燕 起酥油 15kg/件,1152.0,64.0,0.0555555555555556,0.05555555555555555
米面粮油,鑫米记 五常长粒香米25KG/袋,145.01,10.01,0.0690297220881319,0.06902972208813185
米面粮油,麟龙 大豆油20L/桶【二配】,174.0,5.0,0.028735632183908,0.028735632183908046
米面粮油,龙鼎轩 五常大米10kg/袋,132.0,12.0,0.0909090909090909,0.09090909090909091
米面粮油,（高嘉瑞）手工碗面4KG/箱 （二配）,26.5,2.5,0.0943396226415094,0.09433962264150944
自用品,内部供应1号箱 内部箱装臻汁皇鸡块,38.0,2.0,0.0526315789473684,0.05263157894736842
自用品,加急单服务费,225.0,225.0,1.0,1.0
自用品,大号泡沫箱 打包费用,442.0,207.7,0.469909502262443,0.46990950226244343
蔬果豆制,【京百万专用】大葱 15斤/捆,22.59,2.26,0.100044267374945,0.10004426737494465
蔬果豆制,【京百万专用】大葱 20斤/捆,669.93,142.77,0.213111817652591,0.2131118176525906
蔬果豆制,【加工菜】上海青 油菜,1812.9,318.82,0.175861878757791,0.17586187875779138
蔬果豆制,【加工菜】大蒜叶 去根,19.68,2.52,0.128048780487805,0.12804878048780488
蔬果豆制,【加工菜】小米辣 去柄,2383.4,-521.14,-0.218654023663674,-0.21865402366367373
蔬果豆制,【加工菜】小葱 去根,357.69,67.93,0.189913053202494,0.1899130532024938
蔬果豆制,【加工菜】小葱花 0.5CM,341.04,39.82,0.116760497302369,0.11676049730236922
蔬果豆制,【加工菜】湿香菜  去根,312.55,89.38,0.285970244760838,0.28597024476083827
蔬果豆制,【加工菜】芹菜 去叶 去根,308.0,51.65,0.167694805194805,0.1676948051948052
蔬果豆制,中藕（莲藕） 要白,277.65,35.26,0.126994417432019,0.12699441743201872
蔬果豆制,云南上海青（优质）,34.04,5.44,0.159811985898942,0.15981198589894244
蔬果豆制,云南油麦菜（优质）,3152.35,523.98,0.166218852602027,0.16621885260202707
蔬果豆制,优质海鲜菇 4斤/包 白玉菇,1292.75,117.8,0.0911235737768323,0.09112357377683233
蔬果豆制,优质青椒 薄皮椒,4137.82,721.639999999999,0.174401013093851,0.17440101309385111
蔬果豆制,优香菇,272.19,40.54,0.148940078621551,0.14894007862155112
蔬果豆制,兰州 西芹 优质 毛重40斤（净重36斤左右）,743.58,118.97,0.159996234433417,0.1599962344334167
蔬果豆制,兰花干 优质,708.41,102.41,0.144563176691464,0.14456317669146398
蔬果豆制,内脂豆腐  320克/盒,117.66,11.66,0.0990990990990991,0.0990990990990991
蔬果豆制,内蒙 黄心大土豆 优质（6两左右）,1002.73,183.84,0.183339483210834,0.18333948321083443
蔬果豆制,冬瓜 普通,1390.76,168.01,0.12080445224194,0.12080445224193966
蔬果豆制,刀豆 新鲜 优质,637.61,-7.76,-0.0121704490205612,-0.012170449020561157
蔬果豆制,千张 薄,3897.01,547.510000000002,0.140494892237896,0.1404948922378957
蔬果豆制,厚千张,27.28,4.88,0.178885630498534,0.1788856304985337
蔬果豆制,厚香干 油干,106.63,16.43,0.154084216449404,0.15408421644940448
蔬果豆制,去皮土豆 新鲜削皮，随机大小 5斤/包,56.6,12.36,0.218374558303887,0.2183745583038869
蔬果豆制,去皮莴苣  真空包装,1235.71,195.38,0.158111531022651,0.15811153102265094
蔬果豆制,口蘑 250克/盒 优质口菇,14.66,2.64,0.180081855388813,0.1800818553888131
蔬果豆制,四季豆 优质,137.71,15.22,0.110522111683974,0.11052211168397356
蔬果豆制,圣女果（小果）,22.8,3.21,0.140789473684211,0.14078947368421052
蔬果豆制,外地红茄子,49.92,6.145,0.123096955128205,0.12309695512820512
蔬果豆制,大娃娃菜（优质）,6169.64,1272.15,0.206195175083149,0.2061951750831491
蔬果豆制,大白菜（去老叶 ）,790.86,155.81,0.197013377841843,0.19701337784184306
蔬果豆制,大红西红柿  大 优质,13109.27,2917.72,0.222569220101501,0.22256922010150068
蔬果豆制,大葱 去叶 粗,224.54,42.16,0.187761646031887,0.1877616460318874
蔬果豆制,大葱 细（川菜专用）,59.91,13.15,0.219495910532465,0.2194959105324654
蔬果豆制,大蒜头 蒜头,240.3,24.3,0.101123595505618,0.10112359550561797
蔬果豆制,大藕,470.67,70.31,0.149382794739414,0.14938279473941402
蔬果豆制,奶白菜,926.82,189.75,0.204732310481,0.20473231048099955
蔬果豆制,嫩丝瓜 长,91.28,18.572,0.203461875547765,0.2034618755477651
蔬果豆制,嫩南瓜,37.37,4.058,0.108589777896709,0.1085897778967086
蔬果豆制,嫩平菇 优质,1617.54,236.28,0.146073667420898,0.14607366742089842
蔬果豆制,嫩豆腐 水豆腐盒/3斤,65.9,11.9,0.180576631259484,0.18057663125948406
蔬果豆制,小娃娃菜（黄袋3个）,3002.93,414.5,0.138031855554409,0.13803185555440853
蔬果豆制,小白菜（优质、小颗）,3358.39,776.3,0.231152427204702,0.23115242720470225
蔬果豆制,小米椒 红 优质小米辣,952.15,65.85,0.0691592711232474,0.06915927112324738
蔬果豆制,小红薯,20.65,3.08,0.149152542372881,0.14915254237288136
蔬果豆制,小葱 香葱 鲜 优质,1752.49,263.41,0.150306135841003,0.15030613584100339
蔬果豆制,小藕（脆、嫩藕）,134.58,25.13,0.186729083073265,0.18672908307326494
蔬果豆制,小黄姜,4.71,0.71,0.150743099787686,0.15074309978768577
蔬果豆制,小黄豆芽,717.2,153.8,0.214445064138316,0.21444506413831568
蔬果豆制,山药 大 优质,1373.67,221.31,0.161108563192033,0.161108563192033
蔬果豆制,峨眉豆（红）,16.92,3.39,0.200354609929078,0.200354609929078
蔬果豆制,带皮 甜玉米,1254.47,212.5,0.169394246175676,0.16939424617567578
蔬果豆制,干 香菜,303.13,75.81,0.25009072015307,0.25009072015306966
蔬果豆制,平包菜（去老叶）,1636.59,334.37,0.204308959482827,0.20430895948282712
蔬果豆制,意大利生菜（24斤左右/箱）,1361.28,145.09,0.106583509637988,0.10658350963798778
蔬果豆制,意大利生菜（优质）,4330.25000000001,732.27,0.169105709831995,0.16910570983199544
蔬果豆制,手剥蒜米,481.53,89.97,0.186841941312068,0.1868419413120678
蔬果豆制,断 头姜   普通,17.17,3.17,0.18462434478742,0.1846243447874199
蔬果豆制,断 头姜（普通）,17.5,3.5,0.2,0.2
蔬果豆制,新鲜 黑木耳,146.7,18.52,0.126244035446489,0.12624403544648943
蔬果豆制,本地上海青,645.93,107.23,0.166008700633196,0.16600870063319556
蔬果豆制,本地小葱,297.76,39.49,0.132623589468028,0.13262358946802796
蔬果豆制,本地生菜,441.73,70.33,0.159214905032486,0.1592149050324859
蔬果豆制,本地香菜,124.0,4.72,0.0380645161290323,0.03806451612903226
蔬果豆制,杏鲍菇 大 5斤/包  优质,70.59,10.59,0.150021249468763,0.15002124946876327
蔬果豆制,杏鲍菇（小美专用）,69.04,12.99,0.188151796060255,0.18815179606025492
蔬果豆制,杭椒 青杭椒  优质,101.12,6.08,0.060126582278481,0.060126582278481014
蔬果豆制,板栗南瓜（贝贝南瓜）,326.7,132.93,0.406887052341598,0.40688705234159783
蔬果豆制,柠檬,34.5,5.0,0.144927536231884,0.14492753623188406
蔬果豆制,柴火豆腐 3斤/盒,390.0,73.2,0.187692307692308,0.18769230769230769
蔬果豆制,柴火香干,27.5,5.0,0.181818181818182,0.18181818181818182
蔬果豆制,格子豆腐 1盒=3斤,588.75,84.7500000000001,0.143949044585987,0.14394904458598742
蔬果豆制,毛白菜（优质）,559.99,103.51,0.184842586474759,0.18484258647475849
蔬果豆制,毛豆（不剪角）,24.0,-0.0899999999999989,-0.00374999999999995,-0.0037499999999999543
蔬果豆制,水果小黄瓜,412.76,67.09,0.16253997480376,0.16253997480376006
蔬果豆制,油麦菜 （本地）,684.43,116.62,0.170389959528367,0.1703899595283667
蔬果豆制,湿 热干面 多规格可选,385.64,38.24,0.099159838191059,0.09915983819105903
蔬果豆制,湿 香菜,3657.0,586.18,0.160289855072464,0.16028985507246377
蔬果豆制,湿河粉 3斤/袋,52.92,7.92,0.149659863945578,0.14965986394557823
蔬果豆制,烧烤茄子 黑茄子（优质）,697.76,75.5,0.108203393717037,0.10820339371703738
蔬果豆制,热干面（粗）,161.0,35.0,0.217391304347826,0.21739130434782608
蔬果豆制,玉米 甜 去壳,291.45,26.56,0.0911305541259221,0.09113055412592211
蔬果豆制,甘蓝圆包菜（去老叶）,457.79,81.79,0.178662705607375,0.17866270560737457
蔬果豆制,生姜 干 优质,198.56,31.56,0.158944399677679,0.1589443996776793
蔬果豆制,生姜 湿,1149.83,227.33,0.197707487193759,0.1977074871937591
蔬果豆制,白干子,8.82,1.32,0.149659863945578,0.14965986394557823
蔬果豆制,白玉丝瓜,38.25,9.572,0.250248366013072,0.2502483660130719
蔬果豆制,白玉山药  普通,49.98,10.14,0.202881152460984,0.20288115246098443
蔬果豆制,白萝卜 优质,1012.67,214.08,0.211401542457069,0.21140154245706896
蔬果豆制,白豆角,24.48,4.89,0.199754901960784,0.1997549019607843
蔬果豆制,秋葵 优质,9.92,1.89,0.190524193548387,0.1905241935483871
蔬果豆制,粉丝包子,142.0,56.74,0.399577464788732,0.3995774647887324
蔬果豆制,粉西红柿 大 优质,338.85,58.49,0.1726132507009,0.17261325070090008
蔬果豆制,精品 胡萝卜 粗大  水洗,151.8,28.93,0.190579710144928,0.19057971014492753
蔬果豆制,紫甘蓝（优质）,83.25,20.55,0.246846846846847,0.24684684684684685
蔬果豆制,紫苏叶,2.53,0.51,0.201581027667984,0.20158102766798422
蔬果豆制,红杭椒 红,307.84,48.37,0.157127079002079,0.157127079002079
蔬果豆制,红椒 优质,329.99,57.24,0.173459801812176,0.17345980181217613
蔬果豆制,红皮南瓜/金瓜 3个左右  约10斤,1020.0,23.16,0.0227058823529412,0.022705882352941176
蔬果豆制,红皮洋葱  红 优质,1034.19,262.89,0.254198938299539,0.25419893829953877
蔬果豆制,红皮青蒜 大蒜叶,927.04,114.62,0.123640835346911,0.1236408353469106
蔬果豆制,红薯,201.7,36.07,0.17882994546356,0.17882994546355976
蔬果豆制,统货香菇,42.94,6.88,0.16022356776898,0.16022356776897997
蔬果豆制,绿豆芽 鲜,2312.53,392.93,0.169913471392804,0.16991347139280355
蔬果豆制,老南瓜 黄心 约4-6斤左右/个,131.52,18.51,0.140739051094891,0.14073905109489052
蔬果豆制,老豆腐5斤/盒,330.66,54.66,0.165305752132099,0.16530575213209941
蔬果豆制,老面馒头,148.66,27.86,0.187407507063097,0.187407507063097
蔬果豆制,胡萝卜 中  优质 洗,400.04,117.83,0.294545545445455,0.2945455454454554
蔬果豆制,脆皮豆腐,333.13,49.33,0.14808032900069,0.14808032900069043
蔬果豆制,芥兰苗,65.0,4.85,0.0746153846153846,0.07461538461538461
蔬果豆制,花卷,15.0,6.0,0.4,0.4
蔬果豆制,花菜（优质）,478.45,68.7000000000001,0.143588671752534,0.14358867175253445
蔬果豆制,苦菊,970.0,93.73,0.0966288659793815,0.09662886597938145
蔬果豆制,茭白,27.55,4.46,0.161887477313975,0.1618874773139746
蔬果豆制,茼蒿（优质）,1711.7,270.1,0.157796342817082,0.15779634281708244
蔬果豆制,荷兰豆,15.34,2.3,0.14993481095176,0.1499348109517601
蔬果豆制,莴笋 去老叶   带嫩叶尖,3655.42,1096.94,0.300085899841879,0.30008589984187867
蔬果豆制,菜心（普通）,28.21,1.2,0.0425381070542361,0.042538107054236086
蔬果豆制,菠菜（优质）,3694.84,382.32,0.103474034058308,0.10347403405830834
蔬果豆制,蒜米 1.8斤/包 8包/件,2298.59,307.31,0.133695004328741,0.13369500432874065
蔬果豆制,蒜米 2斤/包 8包/件,1581.58,245.93,0.155496402331845,0.1554964023318454
蔬果豆制,蒜米 散,769.26,115.11,0.149637313782076,0.1496373137820763
蔬果豆制,蒜苔 新,1142.88,117.13,0.102486700265995,0.10248670026599467
蔬果豆制,薄香干 油干,79.32,14.32,0.180534543620777,0.18053454362077662
蔬果豆制,虫草花500g/袋,1026.0,207.97,0.202699805068226,0.20269980506822613
蔬果豆制,螺丝椒  优质,648.89,118.96,0.183328453204703,0.18332845320470342
蔬果豆制,西兰花（优质带根）,2832.47,525.3,0.185456509689423,0.185456509689423
蔬果豆制,西生菜（圆生菜）1袋5斤 1包10斤,2611.44,467.44,0.178997028459394,0.17899702845939405
蔬果豆制,西生菜（圆生菜）（净重17斤）,67574.16,5711.43000000003,0.0845209174631254,0.0845209174631254
蔬果豆制,西红柿 中小果（汉堡店客户谨慎下单）,430.69,68.08,0.158071931087325,0.15807193108732498
蔬果豆制,西芹（优质）,3753.83,240.24,0.0639986360597044,0.06399863605970436
蔬果豆制,西葫芦  绿皮,166.21,25.154,0.151338667950184,0.1513386679501835
蔬果豆制,豆泡 豆腐泡,1842.31,258.91,0.140535523337549,0.14053552333754907
蔬果豆制,豇豆 长豆角,192.11,32.12,0.167195877361928,0.16719587736192804
蔬果豆制,豌豆苗 优质,172.48,27.39,0.158801020408163,0.15880102040816327
蔬果豆制,金针菇 整颗 优质 5斤/包,6006.27,789.53,0.131450967072742,0.13145096707274231
蔬果豆制,金针菇450g,478.58,86.24,0.180199757616282,0.1801997576162815
蔬果豆制,金针菇统货5斤一包,3565.16,440.82,0.12364662455542,0.12364662455541968
蔬果豆制,铁棍小山药,279.56,54.67,0.195557304335384,0.19555730433538418
蔬果豆制,青线椒 优质 线椒,875.96,110.33,0.125953239873967,0.12595323987396684
蔬果豆制,青美人椒,5.01,0.5,0.0998003992015968,0.0998003992015968
蔬果豆制,青苦瓜,44.39,8.24,0.185627393557107,0.18562739355710747
蔬果豆制,青茄子 优质,26.55,4.985,0.187758945386064,0.18775894538606402
蔬果豆制,青菜包子,50.0,20.0,0.4,0.4
蔬果豆制,面筋 豆香聚,53.28,5.28,0.0990990990990991,0.0990990990990991
蔬果豆制,韭菜,416.27,58.71,0.141038268431547,0.14103826843154685
蔬果豆制,韭黄,13.13,3.1,0.236100533130236,0.2361005331302361
蔬果豆制,饺子皮（大，厚）,51.0,8.5,0.166666666666667,0.16666666666666666
蔬果豆制,香芹（小芹菜）,567.04,104.45,0.18420217268623,0.18420217268623026
蔬果豆制,香菇 普通,1126.52,194.42,0.172584596811419,0.17258459681141922
蔬果豆制,香菇优质 全去根 无蒂,740.34,132.7,0.179241969905719,0.17924196990571897
蔬果豆制,香菇优质 去根,1323.85,119.41,0.0901990406768138,0.09019904067681384
蔬果豆制,魔芋 豆腐m,30.14,2.94,0.0975447909754479,0.09754479097544791
蔬果豆制,鲜肉包子,17.5,6.96,0.397714285714286,0.3977142857142857
蔬果豆制,鸡毛菜,9.44,1.42,0.150423728813559,0.1504237288135593
蔬果豆制,黄心土豆（3-5两）,2128.098,260.22,0.122278203353417,0.122278203353417
蔬果豆制,黄心土豆（3两以下）,136.9,21.9,0.159970781592403,0.1599707815924032
蔬果豆制,黄心大土豆（6两以上）,3725.54,605.85,0.162620720754575,0.16262072075457518
蔬果豆制,黄瓜   优质,2322.05,244.54,0.105312116448828,0.10531211644882753
蔬果豆制,黄瓜  普通,455.86,48.22,0.105778089764401,0.10577808976440134
蔬果豆制,黄瓜 毛重约50斤/箱（±1-2斤左右）,1786.74,111.59,0.0624545261201966,0.06245452612019656
蔬果豆制,黄皮洋葱 干  优质,317.37,86.67,0.273088193591077,0.27308819359107667
蔬果豆制,黄豆芽 粗 鲜,355.29,52.89,0.14886430803006,0.14886430803005996
蔬果豆制,黄豆芽 细  鲜,280.91,41.71,0.148481720123883,0.14848172012388308
调味品,GZ 国政红油豆角（川味）4kg/件,24.0,2.0,0.0833333333333333,0.08333333333333333
调味品,[兆丰和] 郫县豆瓣 1kg/瓶,9.0,0.5,0.0555555555555556,0.05555555555555555
调味品,[厨师乐]加鲜味精2.27kg/袋,36.67,3.67,0.100081810744478,0.10008181074447776
调味品,[太太乐]天天旺鸡精900g/袋,20.0,2.0,0.1,0.1
调味品,[家乐] 鸡精调味料900g/袋,44.0,4.0,0.0909090909090909,0.09090909090909091
调味品,[海天]草菇老抽  1.9L/瓶,39.6,3.6,0.0909090909090909,0.09090909090909091
调味品,[王守义]十三香45g*10盒/条,27.5,1.5,0.0545454545454545,0.05454545454545454
调味品,[百钻]绵白糖400g/袋,12.0,2.0,0.166666666666667,0.16666666666666666
调味品,[莲花]味精2kg/袋,185.5,14.0,0.0754716981132076,0.07547169811320754
调味品,【按桶出】翠宏经典红油:2.5kg*4桶/件,430.0,10.0,0.0232558139534884,0.023255813953488372
调味品,【注意规格】宝得利 单晶冰糖 500g/袋 10kg/包,1277.02,118.72,0.0929664374872751,0.09296643748727507
调味品,【自营】CFD 小桶芝麻酱9.4/桶,2460.0,123.0,0.05,0.05
调味品,【自营】臻汁煌干辣椒段 5kg/包,1110.0,270.0,0.243243243243243,0.24324324324324326
调味品,三五 火锅底料300g*32袋/件,47.5,11.55,0.243157894736842,0.24315789473684213
调味品,云鹤 精制碘盐500g*50包/袋（10袋/组）,30.88,2.88,0.0932642487046632,0.09326424870466321
调味品,五丰黎红花椒油1.8L/瓶,655.2,115.2,0.175824175824176,0.1758241758241758
调味品,仕多佳 生粉 400g*30包/件,5.76,1.1,0.190972222222222,0.19097222222222224
调味品,保宁醋2.5L*6壶/件,151.0,16.0,0.105960264900662,0.10596026490066225
调味品,八角大料（轻微有湿度）500g/袋,23.5,6.5,0.276595744680851,0.2765957446808511
调味品,劲霸 青芥末条43g/条,28.4,3.4,0.119718309859155,0.11971830985915494
调味品,北极源 伍仁酱丁4.7kg/件,68.0,8.0,0.117647058823529,0.11764705882352941
调味品,单晶冰糖   500g/袋,22.24,6.64,0.298561151079137,0.2985611510791367
调味品,博闻 孝感佬米酒900g*6瓶,12.34,3.0,0.243111831442464,0.24311183144246354
调味品,印度辣椒王整个散称,70.0,12.5,0.178571428571429,0.17857142857142858
调味品,印度辣椒王皮1斤装/袋,12.99,1.49,0.114703618167821,0.1147036181678214
调味品,印度辣椒王节（有籽）  1斤/袋,23.0,2.0,0.0869565217391304,0.08695652173913043
调味品,厨聚全 芝麻香油食用植物调和油4.2L,55.0,7.5,0.136363636363636,0.13636363636363635
调味品,双汇淀粉肉肠2.5KG/件（50g*50支）,153.0,15.0,0.0980392156862745,0.09803921568627451
调味品,叮当婆烤面筋酱2.25kg*4桶,72.0,9.75,0.135416666666667,0.13541666666666666
调味品,吃货请留步 小袋外卖陈醋10g*200袋/捆,32.5,18.7,0.575384615384615,0.5753846153846154
调味品,喜家厨 老坛酸菜底料500g*36袋/件,62.5,7.5,0.12,0.12
调味品,大桥鸡精 900g/袋,157.92,7.92,0.0501519756838906,0.050151975683890584
调味品,小袋辣椒油7g*100袋/捆,72.0,37.32,0.518333333333333,0.5183333333333333
调味品,干黄花菜,25.0,2.0,0.08,0.08
调味品,干黄豆 3斤,28.65,3.45,0.120418848167539,0.12041884816753928
调味品,幺麻子 花椒油250ml/瓶*10瓶,94.5,10.5,0.111111111111111,0.1111111111111111
调味品,忠意 鸭血 300g*20盒/箱,135.01,23.01,0.170431819865195,0.1704318198651952
调味品,恒顺 香醋 1.75L/壶*6,11.0,1.0,0.0909090909090909,0.09090909090909091
调味品,恒顺白醋 2L/壶,44.0,9.0,0.204545454545455,0.20454545454545456
调味品,意歌 生粉2.5kg/袋,155.0,25.0,0.161290322580645,0.16129032258064516
调味品,旭旺 郫县豆瓣酱6kg/桶,46.6,4.6,0.0987124463519313,0.09871244635193133
调味品,月果佬 五仁酱丁4.5kg/件,30.0,5.0,0.166666666666667,0.16666666666666666
调味品,朱紫樱川味麻辣肠5kg/箱,140.0,10.0,0.0714285714285714,0.07142857142857142
调味品,李锦记 锦珍生抽1.75+0.15L（2.23kg加量装）/壶,54.4,4.4,0.0808823529411765,0.08088235294117647
调味品,林和记 生姜汁 500ml/瓶12,28.47,5.97,0.209694415173867,0.20969441517386722
调味品,桂皮 500g/袋,15.17,2.17,0.143045484508899,0.14304548450889915
调味品,椒乡 净切酸菜 毛重12斤/件,32.0,4.0,0.125,0.125
调味品,毛永吉 富田桥柴火香干1kg*10包/件,170.0,10.0,0.0588235294117647,0.058823529411764705
调味品,水塔 老陈醋（二年陈）420ML*15瓶,144.0,32.96,0.228888888888889,0.2288888888888889
调味品,水塔陈醋  1.75L/壶*6壶,43.16,6.48,0.150139017608897,0.15013901760889714
调味品,汉源红花椒1斤装,48.0,4.0,0.0833333333333333,0.08333333333333333
调味品,河南小干辣椒整个散秤,83.4,14.4,0.172661870503597,0.1726618705035971
调味品,河南新一代辣椒节  1斤/袋（微辣）,147.1,20.6,0.140040788579198,0.14004078857919783
调味品,泡包菜整颗散称【按斤出】,21.0,9.48,0.451428571428571,0.45142857142857146
调味品,海南 白胡椒粉200g*20包/件-【按包出】,17.1,5.9,0.345029239766082,0.34502923976608185
调味品,海天 生抽酱油1.9L*6瓶/件,11.8,1.8,0.152542372881356,0.15254237288135591
调味品,海天 老抽酱油 1.9L/壶*6/件,34.47,4.47,0.129677980852916,0.12967798085291557
调味品,海天 蒸鱼豉油 1.6L/壶 6壶/件,22.0,1.17,0.0531818181818182,0.05318181818181818
调味品,海天 金标生抽1.9L/瓶,108.72,8.7,0.0800220750551876,0.08002207505518763
调味品,海天味极鲜 4.9L/桶*2,48.0,4.0,0.0833333333333333,0.08333333333333333
调味品,海带结 中结 4斤/件,17.65,2.65,0.15014164305949,0.1501416430594901
调味品,海带结 大结 4斤/件,200.0,60.0,0.3,0.3
调味品,湘嘉顾 小米辣750g*15袋,30.72,9.42,0.306640625,0.306640625
调味品,熟芝麻1斤装/袋,39.6,3.6,0.0909090909090909,0.09090909090909091
调味品,王致和 料酒500ml*15,8.92,1.58,0.177130044843049,0.17713004484304934
调味品,白砂糖 白糖 散秤,317.72,75.92,0.238952536824877,0.23895253682487724
调味品,百利_香辣孜然粉2g*500包*4袋/件,564.0,69.0,0.122340425531915,0.12234042553191489
调味品,神丹  带汁卤蛋8枚*11袋560g/件,120.0,18.0,0.15,0.15
调味品,秦唐记专用腌菜（美丽雅）2.5kg/包,660.0,60.0,0.0909090909090909,0.09090909090909091
调味品,紫林 精酿老陈醋2.2L/壶,83.5,3.5,0.0419161676646707,0.041916167664670656
调味品,红枣圈10斤/袋,80.0,10.0,0.125,0.125
调味品,红鹰番茄酱    番茄沙司10g*600袋/件,260.0,36.8,0.141538461538462,0.14153846153846153
调味品,绵白糖  散秤,4.38,0.88,0.200913242009132,0.20091324200913244
调味品,自营 印度辣椒王干辣椒段辣椒结5kg,4673.99,1043.99,0.223361624650459,0.22336162465045925
调味品,蘑菇酱（大碗）1kg*16袋/箱,792.0,72.93,0.0920833333333333,0.09208333333333334
调味品,酱元祥番茄沙司10g*600袋/件 番茄酱,1620.0,209.28,0.129185185185185,0.12918518518518518
调味品,金星 腐竹段 1.95kg*5包/件 腐竹段,156.84,18.84,0.120122417750574,0.12012241775057383
调味品,金芝味 老陈醋5Lx4桶/件,119.0,19.0,0.159663865546218,0.15966386554621848
调味品,铜人像 芝麻花生酱5kg/桶,1072.5,97.5,0.0909090909090909,0.09090909090909091
调味品,银耳碎4斤/袋,420.0,40.0,0.0952380952380952,0.09523809523809523
调味品,长舟 加碘盐500g/袋,23.14,8.44,0.364736387208297,0.36473638720829726
调味品,黄冰糖（老冰糖）散称,560.0,104.16,0.186,0.186
调味品,（散称）印度有籽辣椒王节,65.0,12.5,0.192307692307692,0.19230769230769232
酒水饮料,NFC 甜橙复合果汁饮料410ml*15瓶/件,234.0,72.0,0.307692307692308,0.3076923076923077
酒水饮料,[农夫山泉]饮用天然矿泉水 550ml*24瓶,646.0,39.0,0.0603715170278638,0.06037151702786378
酒水饮料,[可口可乐]小胶瓶汽水 300ml*12瓶,1177.0,43.0,0.0365335598980459,0.03653355989804588
酒水饮料,[可口可乐]汽水听装 330ml*24听,2911.8,185.9,0.0638436705817707,0.06384367058177072
酒水饮料,[大窑]冰畅果味汽水 480ml*12瓶,137.4,0.0,0.0,0.0
酒水饮料,[大窑]嘉宾果味汽水 480ml*12瓶,30.56,3.06,0.100130890052356,0.10013089005235602
酒水饮料,[大窑]荔爱荔枝味汽水 480ml*12瓶,156.0,-9.0,-0.0576923076923077,-0.057692307692307696
酒水饮料,[娃哈哈]AD钙奶 220g*24瓶,179.8,19.8,0.110122358175751,0.11012235817575083
酒水饮料,[娃哈哈]饮用纯净水 596ml*24瓶/件,161.0,14.0,0.0869565217391304,0.08695652173913043
酒水饮料,[怡宝]纯净水 555ml*24瓶,878.8,80.8,0.0919435593991807,0.0919435593991807
酒水饮料,[怡宝]饮用纯净水 1.555L*12瓶,23.5,2.5,0.106382978723404,0.10638297872340426
酒水饮料,[怡宝]饮用纯净水 350ml*24瓶(小瓶),242.0,33.0,0.136363636363636,0.13636363636363635
酒水饮料,[王老吉]凉茶 310ml*24听,459.54,27.54,0.0599294947121034,0.059929494712103404
酒水饮料,[红牛]维生素功能饮料 250ml*24罐,107.0,0.0,0.0,0.0
酒水饮料,[红牛]维生素牛磺酸饮料 250ml*24罐,94.0,0.0,0.0,0.0
酒水饮料,[统一]绿茶 1L*8瓶,46.0,0.0,0.0,0.0
酒水饮料,[芬达]橙味汽水 330ml*24罐,571.5,31.5,0.0551181102362205,0.05511811023622047
酒水饮料,[达利园]益生菌 340ml*12瓶,7.2,-0.8,-0.111111111111111,-0.11111111111111112
酒水饮料,[雪碧]汽水听装 330ml*24罐,2008.97,110.97,0.0552372608849311,0.05523726088493108
酒水饮料,七喜  听装330*24瓶/件,1657.4,130.4,0.0786774466031133,0.07867744660311331
酒水饮料,乌苏 啤酒500ml*12听/件,52.0,0.0,0.0,0.0
酒水饮料,可口可乐摩登罐330ml*24罐/件,108.0,8.0,0.0740740740740741,0.07407407407407407
酒水饮料,可口可乐胶瓶 1.25L*12瓶/件,54.0,5.52,0.102222222222222,0.10222222222222221
酒水饮料,康师傅 冰红茶500ml*15瓶,31.0,0.0,0.0,0.0
酒水饮料,怡宝 菊花茶/柠檬茶310ml*12,184.6,14.6,0.0790899241603467,0.0790899241603467
酒水饮料,百事可乐听装 330ml*24听,3793.0,293.0,0.0772475612971263,0.07724756129712629
酒水饮料,百事小胶瓶汽水 300ml*12瓶,202.5,-202.5,-1.0,-1.0
酒水饮料,美年达 听装330ML*24,1558.0,123.0,0.0789473684210526,0.07894736842105263
酒水饮料,美汁源  果粒橙1.25L*12瓶/件,10.8,-1.2,-0.111111111111111,-0.1111111111111111
酒水饮料,蒙牛 酸酸乳250ml*24盒/件,96.0,6.0,0.0625,0.0625
酒水饮料,鑫上纯 绿豆沙300g*30杯,36.0,7.0,0.194444444444444,0.19444444444444445
酒水饮料,零度可口可乐（无糖可乐） 330ml*24罐/件,90.88,4.28,0.0470950704225352,0.04709507042253522
餐厨百货,120-140黑色大垃圾袋,23.0,3.0,0.130434782608696,0.13043478260869565
餐厨百货,19cm长细独立包装透明吸管100支/包,45.0,29.71,0.660222222222222,0.6602222222222223
餐厨百货,20 福袋 平价  29个*10包*15匝/件(打包袋子),67.5,4.5,0.0666666666666667,0.06666666666666667
餐厨百货,210ml 一次性纸杯 50个*40包/件,25.5,4.46,0.174901960784314,0.17490196078431372
餐厨百货,26 黄笑脸袋 打包袋49个=1包 10包=1捆 10捆=1,112.0,14.0,0.125,0.125
餐厨百货,26# 纯白加厚打包袋40个/扎,120.0,72.0,0.6,0.6
餐厨百货,30 袋子 舌尖美味 打包袋 1包50个/件40包,4.8,0.67,0.139583333333333,0.13958333333333334
餐厨百货,5号纸碗 黄鹤楼 360个/件,86.5,14.5,0.167630057803468,0.1676300578034682
餐厨百货,80-90垃圾袋30个/捆,81.5,9.5,0.116564417177914,0.1165644171779141
餐厨百货,84消毒液500ML*30瓶/箱,8.0,3.32,0.415,0.415
餐厨百货,90*100垃圾袋25个/捆,109.5,19.5,0.178082191780822,0.1780821917808219
餐厨百货,YBL 4号喜洋洋 22个*18/箱 装饭纸碗,29.0,5.0,0.172413793103448,0.1724137931034483
餐厨百货,[金龙鱼]洁劲100洗洁精10kg/桶(不带压泵),90.9,10.9,0.11991199119912,0.11991199119911991
餐厨百货,[金龙鱼]洁劲洗洁精5kg/瓶 元宝,52.0,7.0,0.134615384615385,0.1346153846153846
餐厨百货,[龙骏鑫]750方形 透明餐盒打包盒300套/箱,67.0,7.0,0.104477611940299,0.1044776119402985
餐厨百货,opp包筷 小明酸菜鱼 筷子,60.0,10.0,0.166666666666667,0.16666666666666666
餐厨百货,【威猛先生】去污剂 500g/瓶 （一组2瓶）,24.5,4.5,0.183673469387755,0.1836734693877551
餐厨百货,【自营】喜饭客-定制22小号袋50个/扎（按扎出）,146.2,15.05,0.102941176470588,0.10294117647058824
餐厨百货,【自营】祥客基 定制四件套筷子-外地不包邮,3240.0,360.0,0.111111111111111,0.1111111111111111
餐厨百货,【自营】祥客基定制22小号2000条/件打包袋50个*40包/件,7040.0,1672.0,0.2375,0.2375
餐厨百货,【自营】祥客基定制28中号袋打包袋1小包50个不包邮,990.0,117.0,0.118181818181818,0.11818181818181818
餐厨百货,【自营】祥客基小饭碗（环保纸碗）600只-外地不包邮,2700.0,540.0,0.2,0.2
餐厨百货,【自营】祥客基独立包装PP筷子1600双-外地不包邮,1512.0,162.0,0.107142857142857,0.10714285714285714
餐厨百货,【自营】臻汁煌 独立筷子5.5-1500,60.0,2.0,0.0333333333333333,0.03333333333333333
餐厨百货,【自营】臻汁煌打包袋35*25（中）,25.0,6.6,0.264,0.264
餐厨百货,【自营】臻汁煌束口袋30*20（小）,2565.0,675.0,0.263157894736842,0.2631578947368421
餐厨百货,【自采】祥客基定制38大号袋 打包袋50个/包-不包邮,37.5,3.51,0.0936,0.09359999999999999
餐厨百货,一次性医用口罩50个/包,54.0,6.0,0.111111111111111,0.1111111111111111
餐厨百货,一次性手套100支,36.33,5.93,0.163225984035233,0.16322598403523259
餐厨百货,一次性透明口罩10个/盒,8.89,0.890000000000001,0.100112485939258,0.1001124859392577
餐厨百货,万向吸管（按包出）,3.0,1.0,0.333333333333333,0.3333333333333333
餐厨百货,乳胶 橡胶手套（短）1双/包 10包/提,13.5,3.0,0.222222222222222,0.2222222222222222
餐厨百货,保鲜膜30CM*200米,49.84,9.84,0.197431781701445,0.1974317817014446
餐厨百货,保鲜膜35CM*200米,87.0,15.0,0.172413793103448,0.1724137931034483
餐厨百货,保鲜膜40CM*200米,29.8,3.0,0.100671140939597,0.10067114093959731
餐厨百货,保鲜膜45CM*200米,82.5,7.5,0.0909090909090909,0.09090909090909091
餐厨百货,厨房 专用防水皮围裙/个,27.0,6.0,0.222222222222222,0.2222222222222222
餐厨百货,吃货四件套筷子 黑勺 800套/箱,130.0,10.0,0.0769230769230769,0.07692307692307693
餐厨百货,吉祥  1250圆乳白 200套/箱 外卖打包盒餐盒,312.0,48.0,0.153846153846154,0.15384615384615385
餐厨百货,吉祥  1250圆透明 200套/箱 外卖打包盒餐盒,74.0,8.0,0.108108108108108,0.10810810810810811
餐厨百货,吉祥 1000圆乳白300套/箱 餐盒外卖打包盒,78.0,8.0,0.102564102564103,0.10256410256410256
餐厨百货,吉祥 1000方乳白300套/件 外卖打包盒餐盒,77.0,17.0,0.220779220779221,0.22077922077922077
餐厨百货,吉祥_Y900乳白圆碗+盖_150套/箱_外卖餐盒打包盒,53.0,3.0,0.0566037735849057,0.05660377358490566
餐厨百货,固体酒精 2.5kg/件,32.0,4.0,0.125,0.125
餐厨百货,圣手 乳胶防护手套L码加长款/双,86.94,15.84,0.182194616977226,0.18219461697722567
餐厨百货,好佳伴 三层纸巾抽纸*105包*60抽/件6kg,179.0,14.0,0.0782122905027933,0.0782122905027933
餐厨百货,宏泰 600圆配142盖 （碗+盖）透明 600套/箱,110.0,5.0,0.0454545454545455,0.045454545454545456
餐厨百货,得力 24/6订书钉1000枚/盒,18.0,6.6,0.366666666666667,0.36666666666666664
餐厨百货,抽纸巾 105包/件 正方形餐厅用纸 餐巾纸,60.0,12.0,0.2,0.2
餐厨百货,抽纸巾（蓝花包装）105包/件  餐巾纸,168.0,3.0,0.0178571428571429,0.017857142857142856
餐厨百货,星宇医疗 L号白色丁晴橡胶手套大号50双/盒,17.5,1.5,0.0857142857142857,0.08571428571428572
餐厨百货,樱花 高档热敏纸57*50（100卷）/件,80.0,25.0,0.3125,0.3125
餐厨百货,欣宝科 食品级绿色环保碗450ml*600只/件,158.0,8.0,0.0506329113924051,0.05063291139240506
餐厨百货,欣宝科 食品级绿色环保碗盖450ml*600只/件,35.0,5.0,0.142857142857143,0.14285714285714285
餐厨百货,欧园 1000方乳白300套/件 外卖打包盒餐盒,600.0,16.0,0.0266666666666667,0.02666666666666667
餐厨百货,欧园 650方乳白300套/箱7kg,2112.0,132.0,0.0625,0.0625
餐厨百货,欧园 750方乳白300套/箱 餐盒外卖打包盒,1258.0,136.0,0.108108108108108,0.10810810810810811
餐厨百货,清洁球钢丝球2个/袋,13.15,6.15,0.467680608365019,0.467680608365019
餐厨百货,独立包装筷子（5.0*20）约40双*40包/件,55.0,7.0,0.127272727272727,0.12727272727272726
餐厨百货,白猫洗洁精 5kg*4瓶,348.0,63.0,0.181034482758621,0.1810344827586207
餐厨百货,白色一次性网帽100个/包,44.0,8.0,0.181818181818182,0.18181818181818182
餐厨百货,祥峻塑业 1500圆乳白 200套/件 外卖打包盒餐盒,276.0,30.0,0.108695652173913,0.10869565217391304
餐厨百货,线手套12双/包,14.0,2.0,0.142857142857143,0.14285714285714285
餐厨百货,缠绕膜 5厘米宽--10卷/袋,18.0,3.0,0.166666666666667,0.16666666666666666
餐厨百货,臻汁煌专用（小）K17砂锅32个/件,180.0,6.90000000000001,0.0383333333333334,0.03833333333333339
餐厨百货,覃肥叔 打包袋28*45cm100个/包（发货注意俩扎才是100个））,11.2,1.2,0.107142857142857,0.10714285714285715
餐厨百货,覃肥叔 螺蛳粉汤袋（红色）100个/包,290.0,30.0,0.103448275862069,0.10344827586206896
餐厨百货,锡纸（筒装）50米,25.0,0.0,0.0,0.0
餐厨百货,霸米  专用打包袋100个/扎,80.0,80.0,1.0,1.0
餐厨百货,霸米  专用打包袋500个/件（按件出）,160.0,60.0,0.375,0.375
餐厨百货,霸米 Y-1000淀粉基环保餐盒200套/件,852.0,72.0,0.0845070422535211,0.08450704225352113
餐厨百货,霸米 专用四件套800套/件,680.0,18.68,0.0274705882352941,0.027470588235294118
餐厨百货,霸米 独立包装筷子2000双/件,110.0,8.45999999999999,0.0769090909090908,0.07690909090909082
餐厨百货,霸米湘 专用打包袋500个/件,360.0,54.0,0.15,0.15
餐厨百货,霸米湘 专用打包袋500个/件 10扎/件,560.0,84.0,0.15,0.15
餐厨百货,青花瓷一次性筷子独立包装（5.5）*3500双,145.0,15.0,0.103448275862069,0.10344827586206896
餐厨百货,青花瓷一次性筷子独立包装（5.5）*70双/包,56.01,14.01,0.250133904659882,0.25013390465988217
鲜肉蛋,SYM鲜 前腿肉(带皮),172.0,19.26,0.111976744186047,0.11197674418604651
鲜肉蛋,SYM鲜 瘦肉,196.46,15.81,0.0804743968237809,0.08047439682378092
鲜肉蛋,[中号]红壳鸡蛋净重达42斤（30个/板）,1580.66,226.08,0.14302886136171,0.14302886136170967
鲜肉蛋,[大号] 红心鸡蛋（毛重47-52斤左右/件，30个/板）,1946.33,149.56,0.0768420565885539,0.07684205658855385
鲜肉蛋,[大号]白壳鸡蛋（毛重48-50斤左右/件， 30个/板）,510.42,40.94,0.0802084557815133,0.08020845578151325
鲜肉蛋,[大号]红壳鸡蛋（毛重47-52斤左右/件，30个/板）,2917.11,357.59,0.12258365299903,0.12258365299902985
鲜肉蛋,[小号]红壳鸡蛋 30个/板,2188.51,197.83,0.0903948348419701,0.0903948348419701
鲜肉蛋,【称重】鲜 破膛白条鸭 约4斤/只,73.63,19.272,0.261741138123048,0.26174113812304767
鲜肉蛋,【鲜】鲜猪脚块烧毛剁块,100.23,9.87000000000001,0.0984735109248729,0.09847351092487289
鲜肉蛋,中号白壳鸡蛋（净重42斤以上）,1309.88,120.56,0.0920389654014108,0.09203896540141081
鲜肉蛋,去壳 鹌鹑蛋 5斤/袋,74.76,6.76,0.0904226859283039,0.0904226859283039
鲜肉蛋,松花 皮蛋  180个/件,221.17,28.15,0.127277659718768,0.12727765971876837
鲜肉蛋,糖心皮蛋 30个/板,415.28,64.34,0.154931612406087,0.15493161240608747
鲜肉蛋,鲜 三黄鸡 优质 全净膛【按实际称重】,332.6,85.854,0.258129885748647,0.258129885748647
鲜肉蛋,鲜 后腿瘦肉丝,170.17,13.47,0.0791561379796674,0.0791561379796674
鲜肉蛋,鲜 后腿瘦肉片,26.24,2.1,0.0800304878048781,0.08003048780487805
鲜肉蛋,鲜 牛腩 优质,71.06,12.7,0.178722206585984,0.17872220658598367
鲜肉蛋,鲜 猪肝片 (3X3厘米),13.38,1.34,0.100149476831091,0.10014947683109118
鲜肉蛋,鲜 精品五花肉(带皮),201.63,31.17,0.154590090760304,0.15459009076030353
鲜肉蛋,鲜 老母鸡 满膛 高脚,84.81,15.2,0.179224148095743,0.1792241480957434
鲜肉蛋,鲜 里脊肉,48.0,2.76,0.0575,0.057499999999999996
鲜肉蛋,鲜三黄鸡丁,2267.3,237.64,0.104811890795219,0.10481189079521896
鲜肉蛋,鲜兔肉块,1064.7,100.27,0.0941767634075326,0.09417676340753263
鲜肉蛋,鲜后腿肉,627.68,66.18,0.105435890899822,0.10543589089982158
鲜肉蛋,鲜排骨,225.54,22.54,0.0999379267535692,0.09993792675356922
鲜肉蛋,鲜牛里脊  牛肉,33.94,2.42199999999999,0.0713612256923981,0.07136122569239806
鲜肉蛋,鹌鹑蛋  全熟去壳,2366.9,263.69,0.111407326038278,0.11140732603827791
